act,
add,
ante,
arc,
arm,
average,
baby,
back,j9_onBwNOF0
bake,
bale,
ball,
balls,
bang,
bank,
bar,
bash,
beam,
bear,
beat,
beef,
belly,
belt,
bet,
big,
bind,
bitch,
black,
blaze,
block,
bloody,
blow,
board,
bob,
boil,
bolix,
bollocks,
bone,
book,
boot,
booze,
botch,
bottle,
box,
brace,
break,
breast,
breeze,
brew,
brick,
bridle,
brighten,
bring,
bruise,
brush,
bubble,
buck,
buckle,
bud,
buddy,
budge,
buff,
bugger,
build,
bulk,
bump,
bunch,
bundle,
bung,
buoy,
burn,
bust,
butter,
button,
buy,
buzz,
cack,
call,
carb,
carry,
carve,
cash,
cast,
catch,
chain,
chalk,
change,
charge,
chase,
chat,
check,
cheer,
chew,
chink,
chip,
chirk,
choke,
choose,
chop,
chub,
chuck,
chum,
churn,
clam,
clay,
clean,
clear,
climb,
clock,
clog,
close,
cloud,
clump,
clutter,
coach,
cobble,
cock,
cocker,
coil,
collect,
color,
colour,
come,
conjure,
connect,
cook,
coop,
cost,
cosy,
cough,
count,
couple,
cover,
cowboy,
cozy,
crack,
crank,
cream,
crease,
creep,
crew,
crop,
crowd,
crumple,
cry,
cuddle,
cue,
curl,
cut,
dial,
dig,
ding,
dish,
divide,
divvy,
divy,
do,
doctor,
doll,
doodie,
double,
drag,
draw,
dream,
dredge,
dress,
drink,
drum,
dry,
dude,
duff,
dummy,
dust,
earth,
ease,
eat,
edge,
eff,
end,
even,
eye,
face,
fair,
fasten,
fatten,
feed,
feel,
fess,
fetch,
figure,
fill,
filter,
finish,
fire,
firm,
fit,
fix,
flag,
flame,
flare,
flub,
fluff,
fog,
fold,
follow,
fool,
foul,
frame,
free,
freeze,
freshen,
frost,
fruit,
fry,
fuck,
fuel,
gang,
garner,
gas,
gather,
gay,
gear,
gee,
get.it,
get.on,
get,
gin,
ginger,
give,
glam,
glaze,
go,
gobble,
goose,
goth,
grass,
grease,
gross,
grow,
gulp,
gum,
gunk,
gussie,
gussy,
ham,
hang,
have,
head,
heal,
heap,
heat,
hike,
hit.it,
hit,
hitch,
hold,
hole,
hook,
hoover,
hop,
hot,
hurry,
hush,
hussy,
hutch,
ice,
jack,
jazz,
join,
juice,
jump,
keep,
key,
kick,
kiss,
knock,
lace,
land,
lap,
lash,
lather,
lawyer,
lay,
let,
level,
lick,
lift,
light,
lighten,
limber,
line,
link,
liquor,
listen,
live.it,
live,
liven,
load,
lock,
look,
loosen,
louse,
lube,
luff,
magic,
make,
man,
mark,
measure,
meet,
melt,
mess,
mic,
mike,
mist,
mix,
mock,
modern,
moor,
mop,
mount,
move,
muck,
muddle,
muddy,
mug,
muscle,
mush,
muster,
neck,
new,
nicen,
notch,
nut,
offer,
oil,
open,
own,
pack,
page,
pair,
pal,
partner,
pass,
paste,
patch,
pay,
pen,
pep,
perk,
phone,
pick,
pile,
pimp,
pin,
pipe,
piss,
pitch,
play,
plough,
plow,
pluck,
plug,
plump,
point,
polish,
pony,
poon,
pop,
pork,
post,
pot,
power,
pretty,
price,
prick,
prop,
psych,
pucker,
puff,
puke,
pull,
pump,
punch,
push,
put,
queen,
queer,
queue,
rack,
raise,
rake,
ramp,
rark,
ratchet,
read,
ready,
rear,
redd,
reel,
rein,
rev,
rid,
ride,
ring,
rip,
ripen,
rise,
rock,
rocket,
roll,
root,
rope,
rough,
roughen,
round,
rub,
ruffle,
rug,
rumple,
run,
rustle,
sac,
sack,
saddle,
save,
scale,
scare,
scoop,
scrape,
screw,
scrounge,
scrub,
scuzz,
seize,
sell,
send,
serve,
set,
settle,
sew,
sex,R1XwTyj-juA
shack,
shake,
shape,
shine,
shoot,
shore,
show,
shrink,
shrivel,
shut,https://www.youtube.com/embed/nc_LIR5ExIU?autoplay=1
sick,
sign,
silt,
sing,
sit,
size,
skin,
slip,
slow,
smack,
smarten,
smash,
smell,
smoke,
snaffle,
snap,
snarl,
snazz,
sneak,
sneck,
snuggle,
soak,
sober,
soften,
sop,
soup,
spark,
speak,
speed,
spew,
spice,
spiff,
spin,
spit,
splinter,
split,
spring,
spruce,
sprunt,
square,
squeeze,
stack,
staff,
stand,
start,
stay,
steam,
step,
stick,
stiffen,
stink,
stir,
stitch,
stock,
stop,
store,
straighten,
strap,
strike,
string,
stuff,
stump,
style,
suck.it,
suck,
suds,
suit,
sum,
summon,
supe,
sure,
swallow,
sweep,
sweeten,
swell,
tach,
tack,
tag,
take,
talk,
tank,
tap,
tape,
tart,
team,
tear,
tech,
tee,
tense,
think,
throw,
tidy,
tie,
tighten,
tip,
toke,
tone,
tool,
top,
toss,
tot,
touch,
toughen,
trade,
train,
trim,
trip,
trump,
tune,
turn,
type,
use,
vamp,
wait,
wake,
wall,
warm,
wash,
wear,
weigh,
well,
whip,
whistle,
whomp,
whoop.it,
wife,
win,
wind,
wipe,
wise,
woman,
work,
wrap,
write,
yield,
yuck.it,
yuk.it,
zip,
